{"train_loss": [1.730103866523489, 1.2288717468986121, 1.012085965908397, 0.8895229348136336, 0.8300271687071646, 0.8155976363917445, 0.8084041587532024, 0.8003312004420459, 0.7949638218068711, 0.7887488662663018, 0.7906238435174499, 0.776688941794893, 0.7859368023588834, 0.7780005678420177, 0.777977863274267, 0.7809650622822745, 0.7733638091084293, 0.7807961833065428, 0.7703033246271446, 0.7747590264395985, 0.7737847240379704, 0.7725860669332392, 0.7728820532331686, 0.7730379430458064, 0.7716395329026615, 0.7693390363393842, 0.7684420742418455, 0.769463582569376, 0.7656408368092974, 0.7725645454262223, 0.7698571562309704, 0.7785125223495771, 0.7734032642201084, 0.7690741452567108, 0.7777222648758413, 0.7742342959965587, 0.7650174614032517, 0.764909681151895, 0.7639458647850529, 0.7692531124710122, 0.7643531989639677, 0.7703783426748212, 0.7665005747009727, 0.7683446710676793, 0.771068350966934, 0.7719377557487439, 0.7585376679439984, 0.7701765410887921, 0.7589007372136616, 0.7592954329212608], "test_loss": [1.3973228418827057, 1.2072305697202683, 0.8906032902002334, 1.3605376392602921, 1.1104664200544356, 1.0508049696683883, 1.364049146771431, 1.0954023534059525, 0.9350189548730851, 0.8645741391181946, 0.8283417028188705, 0.9944865643978119, 0.8507556176185608, 1.046944545507431, 0.8960706496238708, 0.8826884287595749, 0.8834621423482895, 0.8602020132541657, 1.2384795808792115, 0.8376023358106613, 0.9138572925329208, 1.0019538992643355, 0.777289346754551, 0.8497149807214737, 0.8288869678974151, 1.2274368792772292, 0.7970326662063598, 0.8354550468921661, 1.0241224628686905, 1.2166740447282791, 1.052010989189148, 0.8281178992986679, 0.8249709373712539, 1.153655337691307, 0.7907742154598236, 0.8247037273645401, 0.9118373501300812, 0.821033148765564, 0.7861197876930237, 0.8454409450292587, 0.96313794195652, 0.9456454241275787, 0.8675277423858643, 0.9282045310735703, 1.0450118029117583, 0.9126357352733612, 0.960980549454689, 0.8098808014392853, 0.8936339044570922, 0.9345417183637619], "train_acc": [0.3561, 0.55722, 0.64004, 0.68798, 0.71558, 0.71868, 0.72298, 0.72546, 0.72888, 0.7272, 0.72836, 0.7333, 0.73016, 0.7322, 0.73134, 0.72976, 0.73312, 0.7323, 0.73354, 0.73386, 0.73506, 0.73478, 0.73464, 0.73316, 0.73432, 0.73576, 0.73606, 0.7347, 0.73674, 0.73596, 0.7367, 0.7322, 0.73346, 0.73604, 0.73224, 0.73382, 0.7373, 0.73834, 0.73666, 0.73756, 0.7371, 0.73514, 0.73888, 0.73552, 0.73556, 0.73582, 0.73986, 0.73652, 0.7392, 0.73668], "test_acc": [0.4859, 0.5666, 0.6845, 0.5641, 0.6543, 0.6562, 0.6034, 0.6448, 0.6969, 0.7046, 0.7189, 0.6691, 0.7116, 0.6442, 0.702, 0.7057, 0.6971, 0.7141, 0.6208, 0.7113, 0.6957, 0.679, 0.7335, 0.7086, 0.7114, 0.6066, 0.7297, 0.7197, 0.6576, 0.6031, 0.6487, 0.7173, 0.7163, 0.6264, 0.7302, 0.7249, 0.6939, 0.724, 0.7257, 0.716, 0.6878, 0.6887, 0.7047, 0.7008, 0.6557, 0.69, 0.6806, 0.7261, 0.6896, 0.6892]}