{"train_loss": [1.6737436600353406, 1.0974186433245763, 0.8654222515842799, 0.7245420903500999, 0.6398291363740516, 0.5947376583390833, 0.5640707346408264, 0.5287778619915018, 0.516953657960038, 0.5127914649293855, 0.5027414152536855, 0.5043086994944326, 0.5047396703449356, 0.500978243777819, 0.5014533928745543, 0.49969551592226835, 0.49411794977724705, 0.49533630728416733, 0.4922157421593776, 0.4942620030754363, 0.4879031239263237, 0.4859016067384149, 0.4894618474309097, 0.49110752130713303, 0.48660605642801663, 0.48294020148799244, 0.4756504198931672, 0.481710736632652, 0.481741226123422, 0.47754019868495823, 0.47956956156989194, 0.47617424814902304, 0.47797273873063306, 0.4836047444578327, 0.474781879912252, 0.46933496059359187, 0.47535761878313615, 0.48290973474912324, 0.4758286983003397, 0.47072361977508914, 0.4749944610592654, 0.47918615248197177, 0.4694248232466485, 0.4719981603000475, 0.46610807434982043, 0.4652941184275595, 0.471850343982277, 0.4640800361057072, 0.4677397496712482, 0.4668810280692547], "test_loss": [1.3094811069965362, 1.1707349413633346, 1.0012402886152267, 0.7837897384166718, 0.7866319078207016, 0.651197022497654, 0.6784306553006172, 0.7416197535395622, 0.6477141731977463, 0.6562403663992882, 0.697676391005516, 0.6729337227344513, 0.694606077671051, 0.7097951921820641, 0.7528530877828598, 0.6855863952636718, 0.5814713951945305, 0.636967054605484, 0.6661706814169883, 0.6142218664288521, 0.6530709716677666, 0.6056100106239319, 0.6722335639595985, 0.6225292280316352, 0.5827344661951065, 0.6837567916512489, 0.6467748388648034, 0.7012940463423729, 0.6659719583392143, 0.7295156985521316, 0.7085653519630433, 0.6391304823756218, 0.5994081181287766, 0.6513470587134361, 0.6701009500026703, 0.6713129767775535, 0.6916774421930313, 0.6374934959411621, 0.548503041267395, 0.5935668337345124, 0.8033678221702576, 0.7366868534684181, 0.5613449484109878, 0.652499957382679, 0.8688899856805802, 0.6679500752687454, 0.5882984644174576, 0.6249650973081589, 0.712305888235569, 0.530831724703312], "train_acc": [0.40004, 0.6066, 0.69488, 0.74808, 0.77826, 0.7939, 0.806, 0.81872, 0.82228, 0.8229, 0.82538, 0.8267, 0.82558, 0.82794, 0.82632, 0.8269, 0.82894, 0.8288, 0.83214, 0.82874, 0.83226, 0.8324, 0.83322, 0.82996, 0.83204, 0.83334, 0.8367, 0.83502, 0.83542, 0.8349, 0.83544, 0.83704, 0.83604, 0.83366, 0.83708, 0.8391, 0.8361, 0.83374, 0.83694, 0.83832, 0.8357, 0.83636, 0.84, 0.83618, 0.84026, 0.84024, 0.83904, 0.84058, 0.83824, 0.8393], "test_acc": [0.5143, 0.5907, 0.6513, 0.7267, 0.7346, 0.7742, 0.7666, 0.75, 0.7755, 0.7731, 0.7639, 0.7694, 0.7643, 0.7612, 0.7562, 0.7686, 0.7979, 0.7902, 0.7719, 0.7856, 0.7813, 0.7925, 0.7703, 0.7941, 0.8075, 0.7699, 0.7832, 0.7588, 0.7713, 0.7614, 0.7704, 0.7743, 0.7944, 0.7828, 0.7802, 0.7754, 0.7693, 0.7846, 0.8093, 0.7992, 0.7317, 0.7503, 0.8051, 0.7785, 0.7117, 0.7768, 0.7976, 0.7876, 0.7605, 0.8198]}