{"train_loss": [1.972371592555226, 1.5047675322357539, 1.3071806620346456, 1.2028398204520965, 1.1299620057174355, 1.1000716056262387, 1.084382844367854, 1.0759537661220504, 1.0664252878303186, 1.060349236866334, 1.0576942932392188, 1.056524320912529, 1.050889202172529, 1.0596673841554236, 1.0611952712195696, 1.0624948554670512, 1.0592880388596695, 1.0599735013125269, 1.0560311849919635, 1.0662146835699344, 1.0631516827121426, 1.0724354415693425, 1.0731011678679814, 1.0565459144016298, 1.067531158698345, 1.0711663840523302, 1.0781565621657319, 1.0679835377026274, 1.0756646717349765, 1.0704160403419747, 1.0679646534410259, 1.0685995361473952, 1.0758702723703855, 1.074269430498549, 1.081031287433395, 1.0760289393246212, 1.083328983948464, 1.0768782241330723, 1.073712770098383, 1.0812862918534039, 1.0740239168121049, 1.0846051680149364, 1.084539659078199, 1.075690305660111, 1.0876821293635621, 1.0786368243601256, 1.0750625339823507, 1.0677322954492392, 1.072169875763047, 1.0755351851250374], "test_loss": [1.8081766057014466, 1.3583926343917847, 1.2539326286315917, 1.4315338826179504, 1.3107950067520142, 1.1751404863595962, 1.2913985216617585, 1.0665258103609085, 1.225617469549179, 1.6930406260490418, 1.3902278339862824, 0.9529029071331024, 1.0781721138954163, 1.4133403098583222, 1.1518101853132248, 1.2368140256404876, 1.104833322763443, 1.2029905992746353, 1.237505725622177, 1.063264144062996, 1.1280647307634353, 1.5091342449188232, 1.0608387249708175, 1.110375727415085, 1.4211071348190307, 1.1125186735391617, 1.1440163224935531, 1.1156081396341324, 1.0591233795881272, 1.3823451495170593, 1.1085391247272491, 1.109590768814087, 1.3392694175243378, 1.1258461624383926, 1.4264637106657028, 1.1603252327442168, 1.5379980039596557, 1.2546987062692643, 1.0785775011777878, 1.155553988814354, 1.1235509151220322, 1.2372550147771835, 1.0851420575380326, 1.378836704492569, 1.272634551525116, 1.2635113084316254, 1.0771350264549255, 1.0280450332164763, 1.8100737464427947, 1.1272201597690583], "train_acc": [0.25326, 0.44522, 0.52786, 0.56998, 0.6022, 0.61602, 0.61934, 0.6244, 0.62832, 0.6293, 0.63092, 0.63072, 0.63376, 0.63048, 0.6292, 0.62784, 0.63238, 0.62852, 0.63192, 0.62964, 0.62792, 0.62658, 0.62614, 0.62946, 0.63022, 0.62492, 0.62416, 0.62698, 0.6214, 0.6275, 0.62512, 0.63076, 0.62598, 0.62342, 0.62336, 0.62402, 0.6217, 0.6233, 0.62462, 0.62366, 0.62552, 0.62322, 0.6212, 0.62314, 0.62112, 0.62394, 0.62436, 0.62834, 0.62532, 0.62376], "test_acc": [0.3346, 0.4924, 0.5433, 0.5312, 0.5338, 0.5952, 0.5879, 0.6379, 0.5919, 0.4622, 0.5385, 0.6658, 0.6302, 0.5362, 0.6134, 0.5939, 0.6208, 0.5784, 0.5883, 0.6253, 0.6152, 0.5268, 0.6233, 0.6082, 0.5445, 0.6183, 0.6017, 0.6118, 0.6305, 0.5396, 0.6105, 0.6202, 0.5646, 0.613, 0.5259, 0.6041, 0.5261, 0.5858, 0.6228, 0.6009, 0.6053, 0.5725, 0.6114, 0.5461, 0.5608, 0.5813, 0.6237, 0.6354, 0.4685, 0.6025]}