{"train_loss": [1.6128716112097816, 1.090558604358712, 0.8474411947647934, 0.7191435871526713, 0.6431026252181938, 0.5956268433262321, 0.5528772963434839, 0.5225928448655112, 0.49759031584500657, 0.483540017891418, 0.4687033770486827, 0.4535410715186078, 0.44307348749521747, 0.4362975901273815, 0.4264785910353941, 0.42018578313958005, 0.4143701012024794, 0.4088259784080793, 0.4021984029304036, 0.4069154651649773, 0.40220488485930217, 0.4009714132684576, 0.4022696802530752, 0.4002496838722083, 0.3959805592704002, 0.3940079956484573, 0.3973149733470224, 0.3978792549780263, 0.39013315382820873, 0.3896504813981483, 0.3948557228993272, 0.3897375816579365, 0.39293712156507976, 0.3900428788207681, 0.3826295548235364, 0.38987780520525733, 0.3822870379899774, 0.38126416454839585, 0.37763888139249113, 0.3800153603486698, 0.37737669736680474, 0.37907802201140567, 0.3755958891280777, 0.3743298939807945, 0.3719057435422297, 0.37161474577758624, 0.37143488796165836, 0.36319628510328816, 0.3610767407338028, 0.36100014926070145], "test_loss": [1.2307148694992065, 0.9727073740959168, 0.8539879417419434, 0.7138893520832061, 0.7240865913033485, 0.7048384234309196, 0.6275282767415047, 0.6121073618531228, 0.649429765343666, 0.527714214026928, 0.522644712626934, 0.6061182954907417, 0.6004577860236168, 0.5336307951807976, 0.49615608155727386, 0.49822793051600456, 0.46101559594273567, 0.4667157477140427, 0.4916227874159813, 0.48321673333644866, 0.4913261052966118, 0.5525571617484093, 0.5986516037583351, 0.528737801015377, 0.5170746892690659, 0.4559757590293884, 0.45308587431907654, 0.46362233817577364, 0.47113868713378904, 0.48793477833271026, 0.433293582201004, 0.47703139632940295, 0.4303456479310989, 0.47393773287534713, 0.4648450618982315, 0.606130737066269, 0.5869418224692344, 0.4431279331445694, 0.526172105371952, 0.4192644934356213, 0.455595620572567, 0.44974863037467006, 0.4893356767296791, 0.48054358243942263, 0.5054554858803749, 0.4576475992798805, 0.5221947735548019, 0.43164786368608477, 0.6275767543911934, 0.4466806457936764], "train_acc": [0.41096, 0.61042, 0.70028, 0.7491, 0.77606, 0.79452, 0.81032, 0.82068, 0.8292, 0.83168, 0.83866, 0.84436, 0.84714, 0.84966, 0.85236, 0.8554, 0.85912, 0.8596, 0.86186, 0.85978, 0.86236, 0.86234, 0.86144, 0.86338, 0.86148, 0.86312, 0.86496, 0.86262, 0.86582, 0.86692, 0.8637, 0.86612, 0.86472, 0.86366, 0.86798, 0.86626, 0.86784, 0.86962, 0.86992, 0.87006, 0.87134, 0.86958, 0.871, 0.87114, 0.87236, 0.87104, 0.87312, 0.87658, 0.87696, 0.87464], "test_acc": [0.5552, 0.6603, 0.7041, 0.7508, 0.7531, 0.7618, 0.7739, 0.7932, 0.7772, 0.8197, 0.8195, 0.7915, 0.8084, 0.8217, 0.8299, 0.8341, 0.8443, 0.8429, 0.8298, 0.8368, 0.8374, 0.8205, 0.8015, 0.8244, 0.8252, 0.8515, 0.8463, 0.8451, 0.8429, 0.842, 0.8521, 0.8401, 0.8564, 0.8434, 0.8484, 0.7918, 0.8098, 0.8486, 0.8252, 0.857, 0.8441, 0.8492, 0.8377, 0.8391, 0.8301, 0.8511, 0.8218, 0.8556, 0.796, 0.8513]}