{"train_loss": [1.6282626027646272, 1.1256532781874127, 0.9019997819610264, 0.7723177780428201, 0.6679589945032164, 0.5968041459617712, 0.5440800987241213, 0.505360420555105, 0.4694099932375466, 0.4486833599674732, 0.4234581293962191, 0.3921185229211817, 0.3815163807643344, 0.3619871706608921, 0.34660435164980874, 0.3367073390337512, 0.3252710422972584, 0.3069381709293941, 0.2959230340197873, 0.292713881186817, 0.27985167531939725, 0.2696453459999141, 0.2648721112086035, 0.25032813130589704, 0.24743713390872912, 0.23845895092048303, 0.22855566910770544, 0.2310085855329128, 0.2225432987598812, 0.21757442250733486, 0.21237056814801053, 0.2049118877600526, 0.20129492541636956, 0.19646870741225264, 0.1965089185577829, 0.18118714501180916, 0.18094995880828185, 0.18612661035469427, 0.17595803044031344, 0.16854762413617594, 0.17008475448621813, 0.1623622354148599, 0.16509204863777857, 0.16213008849059835, 0.15431948958912775, 0.1520721489644569, 0.14947607291057285, 0.14972521337058842, 0.14438144944589157, 0.14207113842906244], "test_loss": [1.4210905194282533, 1.0080640906095504, 0.8535656201839447, 0.7415724769234657, 0.6556680661439895, 0.6895943462848664, 0.6316507822275161, 0.5290821224451066, 0.5152532637119294, 0.49760997235774995, 0.45372741907835007, 0.47828075021505356, 0.44636833637952805, 0.4849915634095669, 0.43934528037905696, 0.4327815568447113, 0.4223599672317505, 0.4158999440073967, 0.4158805106580257, 0.4278308929502964, 0.40199540004134177, 0.437357410043478, 0.3686827616393566, 0.3955285795032978, 0.43512877613306045, 0.3643712010979652, 0.3920915265381336, 0.37881937727332116, 0.3665064058452845, 0.36564832404255865, 0.3572618706524372, 0.37802014023065567, 0.41036155700683596, 0.3903824901580811, 0.37721109330654146, 0.3527967245876789, 0.3573678149282932, 0.3617701879143715, 0.34261606335639955, 0.40939961731433866, 0.35812717378139497, 0.3367062844336033, 0.3778176972270012, 0.34640941619873045, 0.33683726236224176, 0.321229964196682, 0.3574366146326065, 0.34536277160048484, 0.35079869493842125, 0.3418302299082279], "train_acc": [0.3889, 0.59866, 0.6788, 0.72772, 0.7671, 0.7915, 0.81026, 0.82314, 0.83588, 0.84228, 0.85156, 0.86378, 0.86776, 0.87424, 0.87786, 0.8827, 0.88568, 0.8925, 0.8962, 0.8982, 0.90152, 0.90572, 0.90774, 0.91242, 0.912, 0.91702, 0.91866, 0.91888, 0.9214, 0.92342, 0.92642, 0.92694, 0.92782, 0.932, 0.93122, 0.9361, 0.93632, 0.93394, 0.93768, 0.94062, 0.94086, 0.9428, 0.9416, 0.94318, 0.94638, 0.9462, 0.9482, 0.94716, 0.94998, 0.94952], "test_acc": [0.5029, 0.6447, 0.701, 0.7442, 0.7755, 0.7739, 0.7871, 0.8206, 0.8232, 0.8328, 0.8455, 0.84, 0.8501, 0.8412, 0.8518, 0.857, 0.859, 0.8618, 0.8636, 0.8611, 0.869, 0.859, 0.8786, 0.8662, 0.8583, 0.8837, 0.8753, 0.8764, 0.8841, 0.8835, 0.8846, 0.8797, 0.8697, 0.8798, 0.8781, 0.8903, 0.8895, 0.8822, 0.8904, 0.8776, 0.893, 0.8964, 0.8807, 0.8902, 0.8958, 0.8981, 0.8929, 0.8952, 0.8949, 0.8968]}