{"train_loss": [1.5690763056125787, 1.0612965064585362, 0.8615972655813408, 0.7123754353779356, 0.6356064113966949, 0.5825294388834473, 0.5417426608102706, 0.504475331748538, 0.48161175908030146, 0.4572536106152303, 0.43440432987554606, 0.41644768092943274, 0.4024426520556745, 0.38704705695666924, 0.37538063286058126, 0.36950941216152955, 0.3574008201927785, 0.34806655271126485, 0.34271141505607255, 0.33180367927569565, 0.3272970171307054, 0.32507740620457, 0.3194822419025099, 0.31809432480646216, 0.30856530433115753, 0.3059402648978831, 0.3058079792677289, 0.2999837850899343, 0.2973688425462874, 0.2959059259623213, 0.2922717541684885, 0.2857603448659868, 0.29479870661292845, 0.2784955191718953, 0.28531726131506285, 0.2834568279021231, 0.28443413048677735, 0.279580671082982, 0.27891200420725376, 0.2757680813026855, 0.2758527601237797, 0.27516188756431764, 0.27195702729475163, 0.26650292961798666, 0.2714488320338452, 0.2672517528123868, 0.2646843029181366, 0.2620291307454219, 0.2609202206858893, 0.26799821678329916], "test_loss": [1.24709512591362, 1.045801693201065, 0.8145433795452118, 0.6907094648480415, 0.6184530988335609, 0.6196613296866417, 0.584627217054367, 0.5824957513809204, 0.5240894737839699, 0.5239882574975491, 0.4602691295742989, 0.4437229987978935, 0.5364202925562859, 0.45713182032108307, 0.4306448175013065, 0.5006430077552796, 0.44851521342992784, 0.42345943465828895, 0.3880329966545105, 0.44409807309508326, 0.395884308218956, 0.388126090914011, 0.40595858320593836, 0.38261823073029516, 0.4256782373785973, 0.4084523080289364, 0.3503658200800419, 0.3945891226828098, 0.41424514949321745, 0.4211803863942623, 0.3747634193301201, 0.36285597443580625, 0.3684889228641987, 0.3805998730659485, 0.3676424618065357, 0.38100714445114137, 0.37462409362196925, 0.36203483551740645, 0.38934181988239286, 0.39998684987425803, 0.36756429955363273, 0.42643882796168325, 0.4365299278497696, 0.4113785554468632, 0.411648937612772, 0.3657347746193409, 0.35374800965189934, 0.37500022768974306, 0.39103456914424894, 0.35408332005143167], "train_acc": [0.42702, 0.62412, 0.69448, 0.75172, 0.7793, 0.80096, 0.81154, 0.82586, 0.83344, 0.843, 0.84976, 0.85584, 0.8603, 0.86668, 0.86898, 0.87072, 0.87666, 0.87994, 0.8814, 0.88574, 0.88648, 0.88768, 0.88872, 0.89114, 0.89316, 0.89446, 0.8945, 0.89648, 0.89648, 0.89968, 0.89908, 0.90194, 0.89824, 0.90484, 0.90226, 0.90224, 0.9007, 0.90346, 0.90422, 0.9057, 0.90388, 0.90534, 0.90696, 0.9085, 0.9057, 0.90794, 0.90836, 0.91002, 0.90858, 0.90692], "test_acc": [0.5557, 0.6323, 0.7136, 0.7615, 0.7907, 0.785, 0.8061, 0.8011, 0.8207, 0.8222, 0.8429, 0.8478, 0.8183, 0.8442, 0.8536, 0.8314, 0.8458, 0.8601, 0.8672, 0.8501, 0.8644, 0.8687, 0.8616, 0.8698, 0.8571, 0.8653, 0.8818, 0.8647, 0.8636, 0.8605, 0.8755, 0.8787, 0.8744, 0.8733, 0.88, 0.8743, 0.8764, 0.8782, 0.8737, 0.8694, 0.8747, 0.8596, 0.853, 0.8664, 0.8672, 0.8775, 0.8829, 0.8758, 0.8712, 0.8829]}