{"train_loss": [1.724840909928617, 1.1550913203097974, 0.9128911937289226, 0.7859206324648065, 0.7165500067384042, 0.6628024813616672, 0.6325249223757887, 0.6177077186686913, 0.6067080577773512, 0.5905616653849707, 0.5844548599951712, 0.5853431750746334, 0.5802808795743586, 0.5754964276957695, 0.5751961340074954, 0.5702526745436441, 0.5669919843868831, 0.5674747101333745, 0.5660192932924042, 0.5665079154779235, 0.5573161412840304, 0.5491550166893493, 0.5542548324750818, 0.5547780775658006, 0.5519137391653817, 0.5595038363238429, 0.5513261465922646, 0.5442137180082024, 0.5452852501436267, 0.5560119703145283, 0.5472266632882531, 0.5402904326653541, 0.5468297734132508, 0.5474172223864309, 0.5410990549627778, 0.5407263992540062, 0.5422757748142838, 0.5384470340236068, 0.545108268023147, 0.5393413597208154, 0.5417952420918838, 0.5467222894701507, 0.5388251084195989, 0.5351546456289413, 0.5379277840447243, 0.5300073036757271, 0.5296114226588813, 0.5314972418958269, 0.5287808006834191, 0.53606296538392], "test_loss": [1.2737238490581513, 1.0509489715099334, 0.8560865545272827, 0.8819293195009231, 0.6834966841340065, 0.7401003101468087, 0.7330566591024399, 0.8278510797023774, 0.7600150009989739, 0.6518467015028, 0.6709267219901085, 0.7023122707009315, 0.7604313361644744, 0.7938148641586303, 0.675978826880455, 0.6831899467110634, 0.7322250491380692, 0.7215489310026169, 0.706220243871212, 0.8979789006710053, 0.5917691525816917, 0.6800142413377762, 0.7652743411064148, 0.8346081978082657, 0.793944396674633, 0.6078713208436965, 0.8816048848628998, 0.7015195000171661, 0.801565488576889, 0.6771978431940079, 0.6224838802218438, 0.610515972673893, 0.6685681122541428, 0.7175920090079307, 0.7879112553596497, 0.771077521443367, 0.6328159236907959, 0.6272250530123711, 0.6966583582758904, 0.685577421784401, 0.6892490136623383, 0.8007161295413971, 0.6232166540622711, 0.5720148605108261, 0.6777033117413521, 0.650654781460762, 0.6195043289661407, 0.6347313138842583, 0.6163008737564087, 0.7422575098276138], "train_acc": [0.37046, 0.58456, 0.67888, 0.72508, 0.75034, 0.77014, 0.78278, 0.78598, 0.7911, 0.79732, 0.79814, 0.80014, 0.79996, 0.80218, 0.80178, 0.80358, 0.80506, 0.80494, 0.80698, 0.80606, 0.808, 0.81402, 0.81132, 0.81036, 0.8114, 0.80788, 0.81068, 0.81316, 0.81366, 0.8093, 0.81132, 0.81502, 0.81472, 0.81314, 0.81338, 0.8141, 0.81296, 0.81564, 0.81326, 0.8156, 0.81454, 0.8126, 0.814, 0.8167, 0.81598, 0.81754, 0.81974, 0.81722, 0.8198, 0.8149], "test_acc": [0.5363, 0.6237, 0.7074, 0.6966, 0.762, 0.7509, 0.7461, 0.7329, 0.7475, 0.7805, 0.772, 0.7567, 0.7509, 0.7428, 0.7714, 0.7723, 0.7623, 0.7611, 0.7556, 0.7283, 0.7983, 0.763, 0.7409, 0.7249, 0.7428, 0.7916, 0.7275, 0.7677, 0.7367, 0.7632, 0.7908, 0.7893, 0.7731, 0.7536, 0.7398, 0.7434, 0.7809, 0.7919, 0.7562, 0.773, 0.7629, 0.7326, 0.7904, 0.8051, 0.778, 0.7771, 0.792, 0.7822, 0.7927, 0.7526]}