{"train_loss": [1.793745480021652, 1.171664297580719, 0.9046651155364757, 0.735984959772655, 0.6465537085825083, 0.5792257502979162, 0.5339211052169606, 0.49173638528707075, 0.4603226835630378, 0.44254403911074813, 0.4200374888522284, 0.3995823981810589, 0.3802827453734923, 0.37441903170274227, 0.35861601726132997, 0.3462168255022594, 0.3329859193490476, 0.3316857208098684, 0.32329837172007075, 0.31506840489348586, 0.3039063230461004, 0.29900019737530725, 0.29374283567375065, 0.28929175679781, 0.28657164500684157, 0.2781680100122277, 0.2765706728915779, 0.27629390480566995, 0.2713489150818513, 0.26905012662921635, 0.26485894985344943, 0.25857553357372476, 0.26078964313682246, 0.2533698934985667, 0.24552907657866574, 0.2549768666527709, 0.249916210314449, 0.24892699079854147, 0.24008197899983855, 0.2428068369626999, 0.23524508290753074, 0.2348971429223917, 0.23573474403546782, 0.23930592834949493, 0.2259156802783207, 0.23038007744721004, 0.2256909973767339, 0.2271857182590329, 0.2219432928428358, 0.2250680879366641], "test_loss": [1.3477950549125672, 1.320504435300827, 0.9257024639844894, 0.8280831211805344, 0.6859638252854348, 0.6647293654084205, 0.5959554916620254, 0.5892386916279793, 0.6313165897130966, 0.5865409317612648, 0.5151614478230476, 0.5078219729661941, 0.4804404796659946, 0.5901736304163933, 0.6030938875675201, 0.447805814743042, 0.46406774282455443, 0.5035845011472702, 0.45310635298490526, 0.4716754737496376, 0.46336287647485735, 0.4450559064745903, 0.4046236556768417, 0.3898655986785889, 0.43065993949770925, 0.4019276362657547, 0.48844999343156814, 0.4313079673051834, 0.4293736943602562, 0.42415038228034974, 0.43440533757209776, 0.42032458662986755, 0.4089876101911068, 0.4089659270644188, 0.38833304882049563, 0.39538088828325274, 0.39998287573456764, 0.3823569716513157, 0.48164843291044235, 0.3908622106909752, 0.39482216879725457, 0.40269401475787164, 0.407927655428648, 0.40785190418362616, 0.4166032184660435, 0.440474391579628, 0.41551039457321165, 0.39005511641502383, 0.47666852444410324, 0.4341592675447464], "train_acc": [0.35878, 0.57792, 0.6761, 0.74338, 0.77476, 0.79924, 0.81458, 0.82974, 0.84052, 0.84718, 0.85336, 0.86208, 0.86928, 0.87076, 0.8764, 0.87988, 0.88402, 0.88604, 0.88792, 0.89054, 0.89518, 0.89698, 0.89898, 0.89962, 0.90132, 0.90264, 0.90448, 0.9043, 0.90708, 0.90634, 0.90824, 0.91014, 0.9098, 0.91182, 0.91438, 0.9116, 0.91398, 0.91268, 0.9158, 0.9149, 0.91886, 0.9187, 0.91848, 0.9174, 0.92236, 0.91942, 0.92308, 0.92222, 0.92396, 0.92232], "test_acc": [0.5048, 0.5619, 0.6763, 0.7103, 0.76, 0.7686, 0.7961, 0.8005, 0.7923, 0.8037, 0.8225, 0.833, 0.8408, 0.8036, 0.8054, 0.8486, 0.8415, 0.8297, 0.8443, 0.8385, 0.8441, 0.8524, 0.8624, 0.8699, 0.854, 0.8657, 0.8427, 0.857, 0.86, 0.8612, 0.8581, 0.8619, 0.868, 0.863, 0.874, 0.8708, 0.8674, 0.8738, 0.8482, 0.872, 0.8716, 0.8696, 0.8628, 0.8635, 0.8655, 0.859, 0.8673, 0.8745, 0.8509, 0.8596]}