{"train_loss": [1.677782570220986, 1.105044047139129, 0.8645150588483227, 0.7348252543989493, 0.6540406873943855, 0.5975666490136361, 0.5604798704081652, 0.5327055807016334, 0.5138299544246829, 0.48847615247478293, 0.47421836640153614, 0.4620659906341105, 0.44839551451863074, 0.4393087218002397, 0.43559999368628677, 0.43086314885591975, 0.4138593667623948, 0.4170656274167859, 0.41242910282952444, 0.41442736283856996, 0.40764603733408206, 0.4082713055671478, 0.3980611651679691, 0.3955910660478534, 0.40283723570862595, 0.3904246467412735, 0.3926070632070911, 0.3946567630889464, 0.39097726557935986, 0.3907811697952601, 0.38827558127897127, 0.3852366972334531, 0.3862775744376134, 0.3787897171414628, 0.3811052733538102, 0.3745201807849261, 0.3793125717463542, 0.3823956413840761, 0.3772716380047555, 0.37250383624008726, 0.37276932726405104, 0.3677136176550875, 0.3673827852673677, 0.36514399443962137, 0.3621889793751191, 0.3636890350251782, 0.3645619068826948, 0.36673501802950487, 0.3568092001488014, 0.3617368120015884], "test_loss": [1.5474756586551666, 1.084598805308342, 0.8772736668586731, 0.7331113475561142, 0.7070489040017128, 0.6665190026164055, 0.6244927775859833, 0.683161828815937, 0.5500225079059601, 0.5709031742811203, 0.5930080303549766, 0.5788314506411553, 0.5555893152952194, 0.6382325530052185, 0.5414966890215873, 0.5464858919382095, 0.6341027212142945, 0.6126173064112663, 0.6593815016746521, 0.6021811154484749, 0.5871743541955948, 0.5092773112654686, 0.4905494350194931, 0.5558725741505622, 0.49939389526844025, 0.534892315864563, 0.4611141760647297, 0.5442583465576172, 0.5708275538682938, 0.5941554307937622, 0.6289008343219757, 0.44671704739332196, 0.5102942615747452, 0.5879951241612434, 0.49742605805397033, 0.4539780877530575, 0.6117983341217041, 0.47134471297264097, 0.5541558659076691, 0.46177377447485923, 0.5485505023598671, 0.567394306063652, 0.43860247388482093, 0.4110678279399872, 0.5674267914891243, 0.4927336925268173, 0.4925726665556431, 0.4968264365196228, 0.49277206137776375, 0.6029778578877449], "train_acc": [0.38384, 0.60336, 0.69704, 0.74212, 0.77132, 0.791, 0.80716, 0.81728, 0.8216, 0.83072, 0.83596, 0.83988, 0.84754, 0.84894, 0.85004, 0.85376, 0.85736, 0.85616, 0.85814, 0.8583, 0.86006, 0.8591, 0.86356, 0.86362, 0.86204, 0.86608, 0.865, 0.86494, 0.86538, 0.86572, 0.86762, 0.86772, 0.86824, 0.86834, 0.87068, 0.87092, 0.86846, 0.86956, 0.86972, 0.87142, 0.87232, 0.87432, 0.87346, 0.87448, 0.87514, 0.8763, 0.87576, 0.8746, 0.8775, 0.87542], "test_acc": [0.4686, 0.6164, 0.7026, 0.7486, 0.7607, 0.7714, 0.786, 0.7634, 0.8135, 0.8043, 0.7964, 0.8088, 0.8122, 0.7901, 0.8181, 0.8132, 0.7885, 0.7961, 0.7807, 0.8028, 0.8016, 0.827, 0.8353, 0.8237, 0.8302, 0.8235, 0.8413, 0.8204, 0.8122, 0.8067, 0.7968, 0.8502, 0.8267, 0.8008, 0.8314, 0.8474, 0.799, 0.8361, 0.818, 0.8457, 0.8197, 0.8095, 0.8578, 0.8597, 0.8127, 0.8377, 0.8362, 0.8312, 0.8335, 0.807]}