{"train_loss": [1.6538150981259163, 1.128287931994709, 0.9041742260193886, 0.7713889325671184, 0.7040512535883032, 0.657900531502331, 0.6290607349494534, 0.6162774627623351, 0.6062229220824473, 0.5981327170301276, 0.5951207424978466, 0.5893585052331696, 0.5870699948819397, 0.5782985990614538, 0.577237424109598, 0.5837717129446357, 0.5768055916594728, 0.5739568652551802, 0.5713121490862668, 0.5673813113318685, 0.5665222532913813, 0.5635178230912484, 0.5593116513603483, 0.5594555948244031, 0.5610478345085593, 0.5568810947563337, 0.5540844806472359, 0.5550311828970604, 0.5568582931595385, 0.5602295076298287, 0.5600751959301932, 0.5523501470723116, 0.5550076305256475, 0.5581539281646309, 0.5520250317843064, 0.5529986760195564, 0.5544532077086856, 0.5445484864284925, 0.5470925184619396, 0.5585657042615554, 0.5416906689438978, 0.5427899481847768, 0.5493341946540891, 0.5382118205280255, 0.5379748392440474, 0.5400653708621365, 0.5257952256733195, 0.5352262166302527, 0.5392858084967679, 0.540996067511761], "test_loss": [1.2822913241386413, 1.208080608844757, 0.8741537868976593, 0.7246296799182892, 0.8301156842708588, 0.7606743600964546, 0.7980183643102646, 0.7183000627160072, 0.7580517065525055, 0.7153733792901039, 0.7086695355176925, 0.7377894085645675, 0.7425445276498794, 0.7143183127045631, 0.7458463102579117, 0.6113277432322503, 0.7120934727787972, 0.8885687357187271, 0.7286004957556724, 0.5710230743885041, 0.8444745260477066, 0.6287617316842079, 0.700967152416706, 0.6302176231145858, 0.7639283573627472, 0.6730264580249786, 0.8484664446115494, 0.6764491507411003, 0.6846350803971291, 0.6737995871901512, 0.7603081452846527, 0.6965341001749039, 0.6685188716650009, 0.7201286610960961, 0.7755701184272766, 0.7696823489665985, 0.769292939901352, 0.7705737736821174, 0.6659792807698249, 0.6162075856328011, 0.6841682475805283, 0.7361428797245025, 0.5904456621408463, 0.6109688991308212, 0.5783863019943237, 0.7576103299856186, 0.5836754739284515, 0.6816158097982407, 0.6212397253513336, 0.6226506519317627], "train_acc": [0.4007, 0.59254, 0.68464, 0.7325, 0.7565, 0.77404, 0.7855, 0.78666, 0.78982, 0.79468, 0.79628, 0.797, 0.79896, 0.80002, 0.80234, 0.80038, 0.80046, 0.80268, 0.80412, 0.80538, 0.806, 0.80746, 0.80806, 0.808, 0.80578, 0.80766, 0.81092, 0.81102, 0.81092, 0.80748, 0.80896, 0.80988, 0.80986, 0.80936, 0.80934, 0.81014, 0.81094, 0.8134, 0.81146, 0.80886, 0.8152, 0.81274, 0.81182, 0.81498, 0.8155, 0.81452, 0.81782, 0.81746, 0.81558, 0.81368], "test_acc": [0.5256, 0.5932, 0.6921, 0.7492, 0.7229, 0.7453, 0.7361, 0.7585, 0.7369, 0.7588, 0.7576, 0.7572, 0.7473, 0.7522, 0.7408, 0.7899, 0.7597, 0.7171, 0.7589, 0.8022, 0.7319, 0.7874, 0.7581, 0.7926, 0.7473, 0.767, 0.7218, 0.7656, 0.7753, 0.7738, 0.7518, 0.767, 0.7703, 0.7588, 0.7407, 0.7413, 0.7476, 0.7344, 0.7706, 0.7855, 0.7727, 0.7539, 0.796, 0.7859, 0.8028, 0.7446, 0.803, 0.7725, 0.7929, 0.7873]}