{"train_loss": [0.5833901954276483, 0.5861119146237288, 0.5796796060584085, 0.5814946101754522, 0.5789346080606855, 0.5740500353181454, 0.5689743589562224, 0.5681599294742965, 0.5623780165029608, 0.5610167747720733, 0.5626503829760929, 0.5630699273417977, 0.564496362986772, 0.5596240707065748, 0.563629545595335], "test_loss": [0.9486358088254928, 0.6568663662672043, 0.8083092248439789, 0.7299983057379723, 0.6613101556897163, 0.7141413697600365, 0.6598375394940377, 0.7149075758457184, 0.6768175032734871, 0.7028093138337135, 0.6505450102686882, 0.7604096069931984, 0.9024536466598511, 0.6996760350465775, 0.5612699168920517], "train_acc": [0.80082, 0.79868, 0.80006, 0.8001, 0.8024, 0.80396, 0.80666, 0.80496, 0.8064, 0.8075, 0.80742, 0.80766, 0.80474, 0.807, 0.80806], "test_acc": [0.7017, 0.7813, 0.7374, 0.7463, 0.7722, 0.7629, 0.7741, 0.7644, 0.7693, 0.7667, 0.7874, 0.7452, 0.7075, 0.7697, 0.8055]}