{"train_loss": [1.7330965148213575, 1.20539188308789, 1.0029193104990304, 0.869608321305736, 0.7666820673381581, 0.714294151424447, 0.6799766724676732, 0.6586462183834036, 0.6456383775414714, 0.6404858985367943, 0.6297681801154486, 0.6324078156362714, 0.626051135304029, 0.6252161557107325, 0.6196158996323491, 0.6177565167322183, 0.6128427268141676, 0.6100371868714042, 0.6057750594890331, 0.6046984426658172, 0.5973271492801969, 0.599535955797376, 0.5993894362998435, 0.599370704663684, 0.595402701812632, 0.5939544282301003, 0.5930048171669016, 0.5958057435424736, 0.5936776994896666, 0.5932260581751918, 0.5872145555818172, 0.5901016602125924, 0.588182309170818, 0.5797790438317887, 0.5767214578740737, 0.5740924863254323, 0.5793998604235442, 0.5758443072323909, 0.583646150120079, 0.5751089069544507, 0.5727622897728629, 0.5776099724232998, 0.5719876941055289, 0.5739058000809701, 0.5716322653586298, 0.5742717853287602, 0.5671864059727515, 0.5723745133108495, 0.5688632570416726, 0.5720453070252752], "test_loss": [1.3626946938037872, 1.0686638659238816, 1.0951404458284377, 0.904515517950058, 0.9330236911773682, 0.7146984937787056, 0.785771558880806, 0.7143986409902573, 0.9794078826904297, 0.7494731104373932, 0.8709872198104859, 0.7423491510748863, 1.089372342824936, 0.6333201378583908, 0.7194226318597794, 1.0103862273693085, 0.6381123539805412, 0.6193454998731613, 0.8738954550027848, 0.7520886307954788, 0.6869509986042976, 0.7130112728476524, 0.673746047616005, 0.6913167002797127, 0.5990462529659272, 0.6408311930298806, 0.6112866070866585, 0.612550488114357, 0.6783324897289276, 0.6718313246965408, 0.5776909816265107, 0.6350229480862617, 0.6615311911702156, 0.6956699457764626, 0.6065089711546898, 0.7164312615990639, 0.6028012934327126, 0.6788251373171806, 0.6389418289065361, 0.8095005333423615, 0.6640590038895607, 0.6649802994728088, 0.7020427268743515, 0.6765142238140106, 0.6097701397538186, 0.6218300393223762, 0.9450197142362594, 0.9249217337369919, 0.7323288732767105, 0.7498590984940529], "train_acc": [0.36164, 0.5664, 0.64124, 0.69574, 0.73214, 0.7535, 0.76756, 0.77342, 0.77618, 0.77838, 0.78162, 0.78132, 0.78514, 0.78252, 0.78654, 0.78882, 0.7872, 0.78954, 0.79128, 0.79062, 0.7937, 0.79388, 0.79448, 0.79282, 0.79488, 0.79584, 0.79682, 0.79592, 0.79804, 0.79436, 0.80028, 0.79674, 0.79778, 0.80178, 0.8038, 0.80422, 0.80028, 0.80398, 0.8011, 0.80262, 0.80208, 0.8013, 0.80318, 0.80182, 0.8026, 0.80378, 0.80548, 0.80392, 0.80364, 0.80392], "test_acc": [0.496, 0.6042, 0.6184, 0.6784, 0.6892, 0.759, 0.7423, 0.7529, 0.6895, 0.7442, 0.7103, 0.7596, 0.6608, 0.7837, 0.7586, 0.6823, 0.7853, 0.7813, 0.7189, 0.748, 0.7688, 0.7555, 0.7743, 0.767, 0.7896, 0.7806, 0.792, 0.793, 0.7744, 0.7679, 0.7996, 0.7888, 0.773, 0.7567, 0.7929, 0.7642, 0.7939, 0.7719, 0.7847, 0.7274, 0.7717, 0.7674, 0.7642, 0.7743, 0.7876, 0.7805, 0.6989, 0.6975, 0.7529, 0.7475]}