{"train_loss": [1.6798463245791853, 1.1236729184379968, 0.8944425046291498, 0.762253213721468, 0.6961774397689058, 0.6521695051961542, 0.6276614037925935, 0.6148765167159498, 0.5960068797973721, 0.6005909375827331, 0.5935185257431186, 0.5910826663074591, 0.5868358724105084, 0.5799728545081585, 0.5823774306518038, 0.5753083892947878, 0.5771211145631493, 0.5728085983897109, 0.5636247028322781, 0.5647791366443, 0.5549656034583021, 0.5620635093173103, 0.561570812216805, 0.5593972828839441, 0.5579246878623962, 0.5609067875863342, 0.5523383106721942, 0.5584992291524892, 0.5562573499081994, 0.5538788723671223, 0.5532442403723822, 0.5555591551239228, 0.5562822967386611, 0.5491240682351924, 0.5549989605651182, 0.5477687345288903, 0.5467707610801052, 0.551179089052293, 0.5405372527554212, 0.544014149004846, 0.5483922174824473, 0.5445696181805847, 0.5441326097301815, 0.5409808842574849, 0.539106687392725, 0.5407787229856262, 0.5443091527427859, 0.5336621694095299, 0.5374512883555859, 0.5386837512788261], "test_loss": [1.380211455821991, 1.1079971688985824, 1.0436951106786727, 0.8455128735303878, 0.7954503500461578, 0.8076811978220939, 0.7465244290232659, 0.7276238891482353, 0.5939448726177216, 0.698794974386692, 0.6550116172432899, 0.7210593757033348, 0.7070170724391938, 0.8349677920341492, 0.6783192598819733, 0.6423583400249481, 0.7982178366184235, 0.8494519340991974, 0.7388549625873566, 0.6131376865506172, 0.7024309208989143, 0.6562940225005149, 0.9092280030250549, 0.6635512685775757, 0.9052369159460067, 0.5907849353551865, 0.7562256202101707, 0.6302929511666298, 0.667340392768383, 0.7087782946228981, 0.7165069225430488, 0.8133600014448166, 0.747308561205864, 0.6175472795963287, 0.6701649698615074, 0.5871385231614112, 0.7609000927209855, 0.5823853266239166, 0.7700966003537179, 0.7071077531576156, 0.7112602862715721, 0.6451847460865975, 0.6001280501484871, 0.6504584804177285, 0.694335321187973, 0.5913918742537498, 0.858243209719658, 0.7482235932350159, 0.6566711476445198, 0.5948893317580223], "train_acc": [0.3868, 0.59576, 0.68394, 0.73546, 0.76, 0.77498, 0.7847, 0.7898, 0.7953, 0.79248, 0.7975, 0.79772, 0.79938, 0.80086, 0.7994, 0.8037, 0.80234, 0.80352, 0.80774, 0.8074, 0.81018, 0.80836, 0.80946, 0.80768, 0.81028, 0.80834, 0.81042, 0.80848, 0.80718, 0.8107, 0.80942, 0.80912, 0.81006, 0.81046, 0.80962, 0.81048, 0.814, 0.81154, 0.81594, 0.81192, 0.81388, 0.81232, 0.81338, 0.81588, 0.81604, 0.8148, 0.81206, 0.81748, 0.81588, 0.81476], "test_acc": [0.5014, 0.6109, 0.6473, 0.721, 0.7277, 0.7332, 0.7489, 0.7468, 0.793, 0.7708, 0.7738, 0.7547, 0.7675, 0.7242, 0.7701, 0.7752, 0.7323, 0.7224, 0.7493, 0.7937, 0.7623, 0.7741, 0.7088, 0.7762, 0.7113, 0.7947, 0.7438, 0.7851, 0.7811, 0.7625, 0.7586, 0.7329, 0.7449, 0.7927, 0.7768, 0.7996, 0.7495, 0.7995, 0.7393, 0.7644, 0.7623, 0.7823, 0.7928, 0.7731, 0.7634, 0.7993, 0.7144, 0.7511, 0.7828, 0.7953]}